"","symbol","country"
"1","DDD","US"
"2","MMM","US"
"3","WBAI","China"
"4","WUBA","China"
"5","EGHT","US"
"6","AOS","US"
"7","ATEN","US"
"8","AAC","US"
"9","AIR","US"
"10","AAN","US"
"11","ABB","Switzerland"
"12","ABT","US"
"13","ABBV","US"
"14","ANF","US"
"15","GCH","US"
"16","JEQ","US"
"17","SGF","US"
"18","ABM","US"
"19","AKR","US"
"20","ACN","Ireland"
"21","ACCO","US"
"22","ATV","China"
"23","ATU","US"
"24","GOLF","US"
"25","AYI","US"
"26","ADX","US"
"27","AGRO","Argentina"
"28","ADPT","US"
"29","ADNT","Ireland"
"30","AAP","US"
"31","ADSW","US"
"32","WMS","US"
"33","ASX","Taiwan"
"34","APFH","US"
"35","ASIX","US"
"36","AAV","Canada"
"37","AVK","US"
"38","AGC","US"
"39","LCM","US"
"40","ACM","US"
"41","ANW","Greece"
"42","AEG","Netherlands"
"43","AEB","Netherlands"
"44","AED","Netherlands"
"45","AEH","Netherlands"
"46","AEK","Netherlands"
"47","AER","Ireland"
"48","HIVE","US"
"49","AJRD","US"
"50","AES","US"
"51","AES.PRC","US"
"52","AET","US"
"53","AMG","US"
"54","MGR","US"
"55","AFL","US"
"56","AFSD","US"
"57","MITT","US"
"58","MITT.PRA","US"
"59","MITT.PRB","US"
"60","AGCO","US"
"61","A","US"
"62","AEM","Canada"
"63","ADC","US"
"64","AGU","Canada"
"65","AHC","US"
"66","AL","US"
"67","APD","US"
"68","AYR","US"
"69","AKS","US"
"70","ALP.PRO","US"
"71","ALG","US"
"72","AGI","US"
"73","ALK","US"
"74","AIN","US"
"75","ALB","US"
"76","AA","US"
"77","ALR","US"
"78","ALR.PRB","US"
"79","ALEX","US"
"80","ALX","US"
"81","ARE","US"
"82","ARE.PRD","US"
"83","ARE.PRE","US"
"84","AQN","Canada"
"85","BABA","China"
"86","Y","US"
"87","ATI","US"
"88","ALLE","Ireland"
"89","AGN","Ireland"
"90","AGN.PRA","Ireland"
"91","ALE","US"
"92","AKP","US"
"93","ADS","US"
"94","AOI","US"
"95","AWF","US"
"96","AB","US"
"97","AFB","US"
"98","LNT","US"
"99","NCV","US"
"100","NCZ","US"
"101","NIE","US"
"102","NFJ","US"
"103","AFC","US"
"104","AWH","Switzerland"
"105","ALSN","US"
"106","ALL","US"
"107","ALL.PRA","US"
"108","ALL.PRB","US"
"109","ALL.PRC","US"
"110","ALL.PRD","US"
"111","ALL.PRE","US"
"112","ALL.PRF","US"
"113","ALLY","US"
"114","ALJ","US"
"115","ALDW","US"
"116","AGD","US"
"117","AWP","US"
"118","AOD","US"
"119","RESI","US"
"120","MO","US"
"121","ACH","China"
"122","AMBR","US"
"123","ABEV","Brazil"
"124","AMC","US"
"125","AMFW","United Kingdom"
"126","AEE","US"
"127","AMRC","US"
"128","AAT","US"
"129","AXL","US"
"130","ACC","US"
"131","AEO","US"
"132","AEP","US"
"133","AEL","US"
"134","AXP","US"
"135","AFG","US"
"136","AFA","US"
"137","AFW","US"
"138","AMH","US"
"139","AMH.PRA","US"
"140","AMH.PRB","US"
"141","AMH.PRC","US"
"142","AMH.PRD","US"
"143","AMH.PRE","US"
"144","AIG","US"
"145","AIG.WS","US"
"146","AMID","US"
"147","ARL","US"
"148","ARA","US"
"149","AWR","US"
"150","AMT","US"
"151","AMT.PRA","US"
"152","AMT.PRB","US"
"153","AVD","US"
"154","AWK","US"
"155","APU","US"
"156","AMP","US"
"157","ABC","US"
"158","AME","US"
"159","ANFI","United Arab Emirates"
"160","AMN","US"
"161","AP","US"
"162","APH","US"
"163","BETR","US"
"164","AXR","US"
"165","AFSI.PRA","US"
"166","AFSI.PRB","US"
"167","AFSI.PRC","US"
"168","AFSI.PRD","US"
"169","AFSI.PRE","US"
"170","AFSI.PRF","US"
"171","AMX","Mexico"
"172","AMOV","Mexico"
"173","AU","South Africa"
"174","BUD","Belgium"
"175","AXE","US"
"176","NLY","US"
"177","NLY.PRA","US"
"178","NLY.PRC","US"
"179","NLY.PRD","US"
"180","NLY.PRE","US"
"181","AR","US"
"182","AM","US"
"183","ANTM","US"
"184","ANTX","US"
"185","ANH","US"
"186","ANH.PRA","US"
"187","ANH.PRB","US"
"188","ANH.PRC","US"
"189","AON","United Kingdom"
"190","APA","US"
"191","AIV","US"
"192","AIV.PRA","US"
"193","ARI","US"
"194","ARI.PRA","US"
"195","ARI.PRC","US"
"196","APO","US"
"197","AIB","US"
"198","AIY","US"
"199","AFT","US"
"200","AIF","US"
"201","APLE","US"
"202","AIT","US"
"203","ATR","US"
"204","WTR","US"
"205","WAAS","British Virgin Islands"
"206","ARMK","US"
"207","ABR","US"
"208","ABRN","US"
"209","ABR.PRA","US"
"210","ABR.PRB","US"
"211","ABR.PRC","US"
"212","ARC","US"
"213","ARCX","US"
"214","MT","Luxembourg"
"215","ARH.PRC","Bermuda"
"216","ARCH","US"
"217","ADM","US"
"218","AROC","US"
"219","ARNC","US"
"220","ARNC.PR","US"
"221","ARNC.PRB","US"
"222","ARCO","Uruguay"
"223","ASC","US"
"224","ARU","US"
"225","ACRE","US"
"226","ARDC","US"
"227","ARES","US"
"228","ARES.PRA","US"
"229","ARMF","US"
"230","AGX","US"
"231","ANET","US"
"232","AI","US"
"233","AIW","US"
"234","AHH","US"
"235","ARR","US"
"236","ARR.PRA","US"
"237","ARR.PRB","US"
"238","AFI","US"
"239","AWI","US"
"240","ARW","US"
"241","AJG","US"
"242","APAM","US"
"243","ASA","Bermuda"
"244","ABG","US"
"245","AHP","US"
"246","AHT","US"
"247","AHT.PRA","US"
"248","AHT.PRB","US"
"249","AHT.PRD","US"
"250","AHT.PRF","US"
"251","AHT.PRG","US"
"252","ASH","US"
"253","APB","US"
"254","GRR","US"
"255","ASPN","US"
"256","AHL","Bermuda"
"257","AHL.PRB","Bermuda"
"258","AHL.PRC","Bermuda"
"259","AHL.PRD","Bermuda"
"260","ASB","US"
"261","ASB.PRC","US"
"262","ASB.PRD","US"
"263","AC","US"
"264","AIZ","US"
"265","AGO","Bermuda"
"266","AGO.PRB","Bermuda"
"267","AGO.PRE","Bermuda"
"268","AGO.PRF","Bermuda"
"269","AF","US"
"270","AF.PRC","US"
"271","AZN","United Kingdom"
"272","T","US"
"273","HOME","US"
"274","ATTO","Luxembourg"
"275","ATH","Bermuda"
"276","ATKR","US"
"277","AT","Canada"
"278","ATO","US"
"279","AUO","Taiwan"
"280","AUD","US"
"281","ATHM","China"
"282","ALV","US"
"283","AN","US"
"284","AZO","US"
"285","AVB","US"
"286","AGR","US"
"287","ACP","US"
"288","AVY","US"
"289","AVH","Panama"
"290","AVA","US"
"291","AVT","US"
"292","AVP","United Kingdom"
"293","AVX","US"
"294","AXTA","US"
"295","AXS","Bermuda"
"296","AXS.PRC","Bermuda"
"297","AXS.PRD","Bermuda"
"298","AXS.PRE","Bermuda"
"299","AXON","Bermuda"
"300","AZRE","India"
"301","AZZ","US"
"302","BGS","US"
"303","BWC","US"
"304","MCI","US"
"305","BMI","US"
"306","BKR","US"
"307","BLL","US"
"308","BYI","US"
"309","BALT","US"
"310","BANC","US"
"311","BBVA","Spain"
"312","BBD","Brazil"
"313","BCH","Chile"
"314","BLX","Panama"
"315","BMA","Argentina"
"316","SAN","Spain"
"317","BSBR","Brazil"
"318","BSAC","Chile"
"319","CIB","Colombia"
"320","BXS","US"
"321","BAC","US"
"322","BOH","US"
"323","BK","US"
"324","BNS","Canada"
"325","RATE","US"
"326","BKU","US"
"327","BCS","United Kingdom"
"328","B","US"
"329","CUDA","US"
"330","ABX","Canada"
"331","BAS","US"
"332","BAX","US"
"333","BTE","Canada"
"334","BFR","Argentina"
"335","BBX","US"
"336","BCE","Canada"
"337","BZH","US"
"338","BDX","US"
"339","BDC","US"
"340","BEL","Bermuda"
"341","BMS","US"
"342","BHE","US"
"343","BRK.A & BRK.B","US"
"344","BHLB","US"
"345","BERY","US"
"346","BBY","US"
"347","BGCA","US"
"348","BBL & BHP","United Kingdom"
"349","BIG","US"
"350","BH","US"
"351","BBG","US"
"352","BIO","US"
"353","BIOA","Canada"
"354","BMR","US"
"355","BITA","China"
"356","BKH","US"
"357","BLK","US"
"358","BX","US"
"359","BXMT","US"
"360","BLT","US"
"361","BCRH","US"
"362","BXC","US"
"363","BTH","US"
"364","BMO","Canada"
"365","BA","US"
"366","BCC","US"
"367","BCEI","US"
"368","BAH","US"
"369","BWA","US"
"370","SAM","US"
"371","BXP","US"
"372","BSX","US"
"373","TEU","Greece"
"374","BYD","US"
"375","BP","United Kingdom"
"376","BPT","US"
"377","BPZ","US"
"378","BRC","US"
"379","BDN","US"
"380","LND","Brazil"
"381","BAK","Brazil"
"382","BRFS","Brazil"
"383","BGG","US"
"384","BFAM","US"
"385","EAT","US"
"386","BCO","US"
"387","BMY","US"
"388","BRS","US"
"389","BRX","US"
"390","BR","US"
"391","BKD","US"
"392","BAM","Canada"
"393","BOXC","Canada"
"394","BIP","Canada"
"395","BPY","Canada"
"396","BEP","Canada"
"397","BRP","Canada"
"398","BRO","US"
"399","BF.A & BF.B","US"
"400","BWS","US"
"401","BRT","US"
"402","BC","US"
"403","BT","United Kingdom"
"404","BPL","US"
"405","BKE","US"
"406","BBW","US"
"407","BG","US"
"408","BURL","US"
"409","BCR","US"
"410","PFH","US"
"411","CAB","US"
"412","CBT","US"
"413","CTRA","US"
"414","CACI","US"
"415","CAE","Canada"
"416","CAP","US"
"417","DVR","US"
"418","CCC","US"
"419","CWT","US"
"420","CALX","US"
"421","ELY","US"
"422","CPE","US"
"423","CPN","US"
"424","CBM","US"
"425","CPT","US"
"426","CCJ","Canada"
"427","CAM","US"
"428","CPB","US"
"429","CCG","US"
"430","GOOS","Canada"
"431","CM","Canada"
"432","CNI","Canada"
"433","CNQ","Canada"
"434","CP","Canada"
"435","CAJ","Japan"
"436","CGC","Canada"
"437","CMN","US"
"438","COF","US"
"439","CSU","US"
"440","CLA","US"
"441","CMO","US"
"442","CRR","US"
"443","CAH","US"
"444","CRCM","US"
"445","CFN","US"
"446","CSL","US"
"447","KMX","US"
"448","CCL","US"
"449","CUK","United Kingdom"
"450","CRS","US"
"451","CSV","US"
"452","CRI","US"
"453","CSH","US"
"454","CSLT","US"
"455","CTT","US"
"456","CAT","US"
"457","CATO","US"
"458","CBZ","US"
"459","CBL","US"
"460","CBG","US"
"461","CDI","US"
"462","FUN","US"
"463","CDR","US"
"464","CGI","US"
"465","CE","US"
"466","CLS","Canada"
"467","CEL","Israel"
"468","CPAC","Peru"
"469","CX","Mexico"
"470","CNCO","Chile"
"471","CVE","US"
"472","CNC","US"
"473","CNP","US"
"474","EBR","Brazil"
"475","CPF","US"
"476","CCS","US"
"477","CTL","US"
"478","CVO","US"
"479","CF","US"
"480","CGG","France"
"481","GIB","Canada"
"482","CSG","US"
"483","ECOM","US"
"484","CRL","US"
"485","SCHW","US"
"486","CLDT","US"
"487","HELI","US"
"488","CKP","US"
"489","CMCM","China"
"490","CHGG","US"
"491","CHE","US"
"492","CHMT","US"
"493","CHMI","US"
"494","CHK","US"
"495","CHKR","US"
"496","CHSP","US"
"497","CPK","US"
"498","CVX","US"
"499","CBI","US"
"500","CHS","US"
"501","CIM","US"
"502","CO","China"
"503","STV","China"
"504","DL","China"
"505","CEA","China"
"506","CGA","China"
"507","LFC","China"
"508","MY","China"
"509","CHL","China"
"510","NPD","China"
"511","BORN","China"
"512","SNP","China"
"513","ZNH","China"
"514","CHA","China"
"515","CHU","China"
"516","XNY","China"
"517","CYD","Singapore"
"518","ZX","China"
"519","CMG","US"
"520","CQB","US"
"521","CHH","US"
"522","CBK","US"
"523","CB","US"
"524","CHT","Taiwan"
"525","CHD","US"
"526","CIEN","US"
"527","CI","US"
"528","CBB","US"
"529","CNK","US"
"530","CIR","US"
"531","C","US"
"532","CIA","US"
"533","CYN","US"
"534","CIO","Canada"
"535","CVEO","US"
"536","CLC","US"
"537","CWEI","US"
"538","CLH","US"
"539","CCO","US"
"540","CLW","US"
"541","CNL","US"
"542","CLF","US"
"543","CLX","US"
"544","CLD","US"
"545","MYCC","US"
"546","CMS","US"
"547","CNA","US"
"548","CNHI","United Kingdom"
"549","CNO","US"
"550","CEO","China"
"551","COH","US"
"552","CIE","US"
"553","KO","US"
"554","CCE","US"
"555","KOF","Mexico"
"556","CDE","US"
"557","CDE.WS","US"
"558","CNS","US"
"559","CFX","US"
"560","CL","US"
"561","CLNY","US"
"562","CXP","US"
"563","CCV","US"
"564","CCZ","US"
"565","CMA","US"
"566","FIX","US"
"567","CMC","US"
"568","CWH","US"
"569","CBU","US"
"570","CYH","US"
"571","CBD","Brazil"
"572","SBS","Brazil"
"573","CIG","Brazil"
"574","ELP","Brazil"
"575","SID","Brazil"
"576","CODI","US"
"577","CMP","US"
"578","BVN","Peru"
"579","CCU","Chile"
"580","CSC","US"
"581","CRK","US"
"582","CNW","US"
"583","CAG","US"
"584","CXO","US"
"585","CCM","China"
"586","COP","US"
"587","CNX","US"
"588","ED","US"
"589","STZ","US"
"590","CSTM","US"
"591","TCS","US"
"592","CBPX","US"
"593","CLR","US"
"594","VLRS","US"
"595","CVG","US"
"596","COO","US"
"597","CPS","US"
"598","CTB","US"
"599","CPA","Panama"
"600","CLB","Netherlands"
"601","CLGX","US"
"602","CORR","US"
"603","GLW","US"
"604","BCA","Chile"
"605","GYB","US"
"606","GYC","US"
"607","CEB","US"
"608","OFC","US"
"609","CXW","US"
"610","CZZ","Brazil"
"611","CMRE","Greece"
"612","COT","Canada"
"613","COTY","US"
"614","CCSC","US"
"615","COUP","US"
"616","CUZ","US"
"617","CVD","US"
"618","CVA","US"
"619","COV","Ireland"
"620","CPL","Brazil"
"621","CR","US"
"622","CRD.A","US"
"623","CRD.B","US"
"624","BAP","Peru"
"625","CS","Switzerland"
"626","CPG","US"
"627","CEQP","US"
"628","CMLP","US"
"629","CRH","Ireland"
"630","CRT","US"
"631","CCI","US"
"632","CCI.PRA","US"
"633","CCK","US"
"634","CRY","US"
"635","CSS","US"
"636","CST","US"
"637","CSX","US"
"638","CTS","US"
"639","CUBE","US"
"640","CUB","US"
"641","CFR","US"
"642","CFI","US"
"643","CMI","US"
"644","CW","US"
"645","CVT","US"
"646","CVI","US"
"647","UAN","US"
"648","CVRR","US"
"649","CVS","US"
"650","CELP","US"
"651","CYS","US"
"652","CYT","US"
"653","DHI","US"
"654","DNB","US"
"655","DAN","US"
"656","DHR","US"
"657","DAC","Greece"
"658","DQ","Cayman Islands"
"659","DRI","US"
"660","DAR","US"
"661","DVA","US"
"662","DPM","US"
"663","DECK","US"
"664","DE","US"
"665","DEX","US"
"666","DDF","US"
"667","DKL","US"
"668","DK","US"
"669","DLPH","US"
"670","DAL","US"
"671","DEL","US"
"672","DLX","US"
"673","DMD","US"
"674","DWRE","US"
"675","DNY","US"
"676","DEN","US"
"677","DB","Germany"
"678","DTT","US"
"679","DUA","US"
"680","DXB","US"
"681","DTK","US"
"682","DKT","US"
"683","DVN","US"
"684","DV","US"
"685","DHT","Marshall Islands"
"686","DEO","United Kingdom"
"687","DO","US"
"688","DRII","US"
"689","DRH","US"
"690","DSX","Greece"
"691","DSX.PRB","Greece"
"692","DHX","US"
"693","DKS","US"
"694","DBD","US"
"695","DLR","US"
"696","DLR.PRE","US"
"697","DLR.PRF","US"
"698","DLR.PRG","US"
"699","DLR.PRH","US"
"700","DDS","US"
"701","DDT","US"
"702","DIN","US"
"703","DFS","US"
"704","DFS.PRB","US"
"705","DNI","US"
"706","DNP","US"
"707","DLB","US"
"708","DG","US"
"709","D","US"
"710","DCUA","US"
"711","DCUB","US"
"712","DCUC","US"
"713","DRU","US"
"714","DOM","US"
"715","DPZ","US"
"716","UFS","Canada"
"717","DCI","US"
"718","DRL","Puerto Rico"
"719","LPG","Marshall Islands"
"720","DSL","US"
"721","DBL","US"
"722","PLOW","US"
"723","DEI","US"
"724","DOV","US"
"725","DDE","US"
"726","DVD","US"
"727","DPO","US"
"728","DPD","US"
"729","DOW","US"
"730","DPS","US"
"731","RDY","India"
"732","DRD","South Africa"
"733","DRC","US"
"734","DW","US"
"735","DHF","US"
"736","DMB","US"
"737","DSM","US"
"738","LEO","US"
"739","DRQ","US"
"740","DST","US"
"741","DSW","US"
"742","DTE","US"
"743","DTQ","US"
"744","DTZ","US"
"745","DTF","US"
"746","DCO","US"
"747","DPG","US"
"748","DUC","US"
"749","DUK","US"
"750","DUKH","US"
"751","DRE.PRK","US"
"752","DRE.PRL","US"
"753","DRE","US"
"754","DFT","US"
"755","DFT.PRA","US"
"756","DFT.PRB","US"
"757","LBF","US"
"758","DHG","US"
"759","KHI","US"
"760","KMM","US"
"761","KTF","US"
"762","KST","US"
"763","KSM","US"
"764","DY","US"
"765","DYN","US"
"766","DYN.WS","US"
"767","DX","US"
"768","DX.PRA","US"
"769","DX.PRB","US"
"770","DANG","China"
"771","EJ","China"
"772","DD","US"
"773","DD.PRA","US"
"774","DD.PRB","US"
"775","SSP","US"
"776","EXP","US"
"777","EGP","US"
"778","EMN","US"
"779","KODK","US"
"780","KODK.WS","US"
"781","KODK.WS.A","US"
"782","ETN","US"
"783","ECT","US"
"784","ECR","US"
"785","ECL","US"
"786","EC","Colombia"
"787","EIX","US"
"788","EDR","US"
"789","EW","US"
"790","EE","US"
"791","EP.PRC","US"
"792","EPB","US"
"793","EGO","Canada"
"794","LLY","US"
"795","ELLI","US"
"796","EFC","US"
"797","EARN","US"
"798","AKO.A","Chile"
"799","AKO.B","Chile"
"800","ERJ","Brazil"
"801","EME","US"
"802","EMES","US"
"803","EBS","US"
"804","ESC","US"
"805","EMR","US"
"806","EDE","US"
"807","ESRT","US"
"808","EIG","US"
"809","EDN","Argentina"
"810","ICA","Mexico"
"811","ELX","US"
"812","ENBL","US"
"813","ENB","Canada"
"814","EEQ","US"
"815","EEP","US"
"816","END","US"
"817","EXK","Canada"
"818","EOC","Chile"
"819","ENH","Bermuda"
"820","ENH.PRA","Bermuda"
"821","ENH.PRB","Bermuda"
"822","NDRO","US"
"823","ENR","US"
"824","ET","US"
"825","ERF","Canada"
"826","ENI","Chile"
"827","ENS","US"
"828","E","Italy"
"829","ENLC","US"
"830","ENLK","US"
"831","EBF","US"
"832","NPO","US"
"833","ETR","US"
"834","EAA","US"
"835","EAB","US"
"836","EAE","US"
"837","ELA","US"
"838","ELB","US"
"839","ELU","US"
"840","EFM","US"
"841","EMQ","US"
"842","EMZ","US"
"843","ENJ","US"
"844","EZT","US"
"845","EPD","US"
"846","EVC","US"
"847","ENV","US"
"848","EVHC","US"
"849","ENZ","US"
"850","EOG","US"
"851","EPE","US"
"852","EPAM","US"
"853","EPR","US"
"854","EPR.PRC","US"
"855","EPR.PRE","US"
"856","EPR.PRF","US"
"857","EQT","US"
"858","EQM","US"
"859","EFX","US"
"860","ELS","US"
"861","ELS.PRC","US"
"862","EQR","US"
"863","EQS","US"
"864","ERA","US"
"865","EROS","US"
"866","ESE","US"
"867","ESNT","US"
"868","ESS","US"
"869","ESS.PRH","US"
"870","EL","US"
"871","ESL","US"
"872","ETH","US"
"873","EEA","US"
"874","EVER","US"
"875","EVER.PRA","US"
"876","EVR","US"
"877","RE","US"
"878","EVTC","US"
"879","EVDY","US"
"880","EVGN","US"
"881","EXAM","US"
"882","EXAR","US"
"883","EXL","US"
"884","EXL.PRB","US"
"885","XCO","US"
"886","XLS","US"
"887","EXC","US"
"888","EXCU","US"
"889","EXPR","US"
"890","STAY","US"
"891","EXH","US"
"892","EXR","US"
"893","XOM","US"
"894","FN","Thailand"
"895","FDS","US"
"896","FICO","US"
"897","FDO","US"
"898","FTCH","Portugal"
"899","FFG","US"
"900","AGM","US"
"901","AGM.A","US"
"902","AGM.PRA","US"
"903","AGM.PRB","US"
"904","AGM.PRC","US"
"905","FRT","US"
"906","FSS","US"
"907","FTT","US"
"908","FII","US"
"909","FPT","US"
"910","FMN","US"
"911","FDX","US"
"912","FCH","US"
"913","FCH.PRA","US"
"914","FCH.PRC","US"
"915","FGP","US"
"916","FOE","US"
"917","FBR","Brazil"
"918","FGL","US"
"919","FNF","US"
"920","FIS","US"
"921","FMO","US"
"922","FSCE","US"
"923","FAC","US"
"924","FAF","US"
"925","FBP","Puerto Rico"
"926","FCF","US"
"927","FHN","US"
"928","FHN.PRA","US"
"929","FR","US"
"930","AG","US"
"931","FMD","US"
"932","FNFG.PRB","US"
"933","FBS.PRA","US"
"934","FRC","US"
"935","FRC.PRA","US"
"936","FRC.PRB","US"
"937","FRC.PRC","US"
"938","FRC.PRD","US"
"939","FRC.PRE","US"
"940","FAV","US"
"941","FIF","US"
"942","FFA","US"
"943","FSD","US"
"944","FPF","US"
"945","FEI","US"
"946","FMY","US"
"947","FPL","US"
"948","FCT","US"
"949","FHY","US"
"950","FEO","US"
"951","FAM","US"
"952","FGB","US"
"953","FE","US"
"954","FMER.PRA","US"
"955","OAKS","US"
"956","OAKS.PRA","US"
"957","FVE","US"
"958","TFG","US"
"959","FBC","US"
"960","DFP","US"
"961","PFD","US"
"962","PFO","US"
"963","FFC","US"
"964","FLC","US"
"965","FLT","US"
"966","FLTX","US"
"967","FTK","US"
"968","FLO","US"
"969","FLS","US"
"970","FLR","US"
"971","FLY","Ireland"
"972","FMC","US"
"973","FTI","US"
"974","FNB","US"
"975","FNB.PRE","US"
"976","FMX","Mexico"
"977","FL","US"
"978","F","US"
"979","FELP","US"
"980","FCE.A","US"
"981","FCE.B","US"
"982","FST","US"
"983","FOR","US"
"984","FDI","US"
"985","FRF","US"
"986","FIG","US"
"987","FSM","US"
"988","FBHS","US"
"989","FET","US"
"990","FNV","US"
"991","FC","US"
"992","BEN","US"
"993","FT","US"
"994","FI","US"
"995","FCX","US"
"996","FSL","US"
"997","FMS","Germany"
"998","FDP","Cayman Islands"
"999","FRO","Bermuda"
"1000","FSK","US"
"1001","FCN","US"
"1002","FRM","US"
"1003","FIO","US"
"1004","FF","US"
"1005","FXCM","US"
"1006","GCV","US"
"1007","GCV.PRB","US"
"1008","GDV","US"
"1009","GDV.PRA","US"
"1010","GDV.PRD","US"
"1011","GAB","US"
"1012","GAB.PRD","US"
"1013","GAB.PRG","US"
"1014","GAB.PRH","US"
"1015","GGZ","US"
"1016","GRX","US"
"1017","GRX.PRA","US"
"1018","GGT","US"
"1019","GGT.PRB","US"
"1020","GUT","US"
"1021","GUT.PRA","US"
"1022","GFA","Brazil"
"1023","GCAP","US"
"1024","GBL","US"
"1025","GNT","US"
"1026","GME","US"
"1027","GCI","US"
"1028","GPS","US"
"1029","IT","US"
"1030","GLOG","US"
"1031","GLOP","Marshall Islands"
"1032","GMT","US"
"1033","GZT","Israel"
"1034","GDL","US"
"1035","GDL.PRB","US"
"1036","GY","US"
"1037","GNRC","US"
"1038","GAM","US"
"1039","GAM.PRB","US"
"1040","BGC","US"
"1041","GD","US"
"1042","GE","US"
"1043","GEB","US"
"1044","GEH","US"
"1045","GEK","US"
"1046","GIS","US"
"1047","GM","US"
"1048","GM.WS.A","US"
"1049","GM.WS.B","US"
"1050","GM.WS.C","US"
"1051","GSI","China"
"1052","GCO","US"
"1053","GWR","US"
"1054","GWRU","US"
"1055","GEL","US"
"1056","GNE","US"
"1057","GNE.PRA","US"
"1058","G","India"
"1059","GPC","US"
"1060","GNW","US"
"1061","GEO","US"
"1062","GPRK","US"
"1063","GPE.PRA","US"
"1064","GGB","Brazil"
"1065","GTY","US"
"1066","GFIG","US"
"1067","GIMO","US"
"1068","GIL","Canada"
"1069","GLT","US"
"1070","GSK","United Kingdom"
"1071","GRT","US"
"1072","GRT.PRG","US"
"1073","GRT.PRH","US"
"1074","GRT.PRI","US"
"1075","BRSS","US"
"1076","GCA","US"
"1077","GHI","US"
"1078","GLP","US"
"1079","GPN","US"
"1080","GLPW","US"
"1081","GSL","United Kingdom"
"1082","GMED","US"
"1083","ALLY.PRA","US"
"1084","GNC","US"
"1085","GOL","Brazil"
"1086","GFI","South Africa"
"1087","GG","Canada"
"1088","GS","US"
"1089","GSF","US"
"1090","GSJ","US"
"1091","GS.PRA","US"
"1092","GS.PRB","US"
"1093","GS.PRC","US"
"1094","GS.PRD","US"
"1095","GS.PRI","US"
"1096","GS.PRJ","US"
"1097","GS.PRK","US"
"1098","GMZ","US"
"1099","GDP","US"
"1100","GDP.PRC","US"
"1101","GDP.PRD","US"
"1102","GOV","US"
"1103","IRE","Ireland"
"1104","GPX","US"
"1105","GGG","US"
"1106","GTI","US"
"1107","GHM","US"
"1108","GHC","US"
"1109","GPT","US"
"1110","GPT.PRA","US"
"1111","GVA","US"
"1112","GRP.U","Canada"
"1113","GPK","US"
"1114","GTN","US"
"1115","GTN.A","US"
"1116","GRAM","US"
"1117","GNI","US"
"1118","GXP","US"
"1119","GXP.PRA","US"
"1120","GXP.PRD","US"
"1121","GXP.PRE","US"
"1122","GB","US"
"1123","GDOT","US"
"1124","GBX","US"
"1125","GHL","US"
"1126","GEF","US"
"1127","GEF.B","US"
"1128","GFF","US"
"1129","GPI","US"
"1130","GRUB","US"
"1131","GMK","Mexico"
"1132","PAC","Mexico"
"1133","ASR","Mexico"
"1134","BSMX","Mexico"
"1135","TV","Mexico"
"1136","GSH","China"
"1137","GES","US"
"1138","GBAB","US"
"1139","GGM","US"
"1140","GPM","US"
"1141","GGE","US"
"1142","GEQ","US"
"1143","GOF","US"
"1144","GWRE","US"
"1145","GUA","US"
"1146","GLF","US"
"1147","HQL","US"
"1148","HQH","US"
"1149","HRB","US"
"1150","HAE","US"
"1151","HK","US"
"1152","HAL","US"
"1153","HBI","US"
"1154","HGR","US"
"1155","HASI","US"
"1156","THG","US"
"1157","THGA","US"
"1158","HRG","US"
"1159","HOG","US"
"1160","HAR","US"
"1161","HMY","South Africa"
"1162","HRS","US"
"1163","HSC","US"
"1164","HHS","US"
"1165","HIG","US"
"1166","HGH","US"
"1167","HIG.WS","US"
"1168","HNR","US"
"1169","HTS","US"
"1170","HTS.PRA","US"
"1171","HVT","US"
"1172","HVT.A","US"
"1173","HE","US"
"1174","FUL","US"
"1175","HCA","US"
"1176","HCC","US"
"1177","HCI","US"
"1178","HCJ","US"
"1179","HCP","US"
"1180","HDB","India"
"1181","HW","US"
"1182","HCN","US"
"1183","HCN.PRI","US"
"1184","HCN.PRJ","US"
"1185","HNT","US"
"1186","HR","US"
"1187","HTA","US"
"1188","HLS","US"
"1189","HPY","US"
"1190","HL","US"
"1191","HL.PRB","US"
"1192","HE.PRU","US"
"1193","HEI","US"
"1194","HEI.A","US"
"1195","HAV","US"
"1196","HIH","US"
"1197","HMH","US"
"1198","HSA","US"
"1199","HLX","US"
"1200","HP","US"
"1201","HLF","Cayman Islands"
"1202","HTGC","US"
"1203","HTGX","US"
"1204","HTGY","US"
"1205","HTGZ","US"
"1206","HRTG","US"
"1207","HT","US"
"1208","HT.PRB","US"
"1209","HT.PRC","US"
"1210","HSY","US"
"1211","HTZ","US"
"1212","HES","US"
"1213","HPQ","US"
"1214","HXL","US"
"1215","HCLP","US"
"1216","IVH","US"
"1217","ONE","US"
"1218","HIW","US"
"1219","HIL","US"
"1220","HRC","US"
"1221","HI","US"
"1222","HSH","US"
"1223","HTH","US"
"1224","HLT","US"
"1225","HNI","US"
"1226","HEP","US"
"1227","HFC","US"
"1228","HD","US"
"1229","HMC","Japan"
"1230","HON","US"
"1231","HMN","US"
"1232","HTF","US"
"1233","HRL","US"
"1234","HOS","US"
"1235","HSP","US"
"1236","HPT","US"
"1237","HPT.PRD","US"
"1238","HST","US"
"1239","HOV","US"
"1240","HHC","US"
"1241","HSFC.PRB","US"
"1242","HSBC","United Kingdom"
"1243","HSBC.PRA","United Kingdom"
"1244","HSEA","United Kingdom"
"1245","HSEB","United Kingdom"
"1246","HUSI.PRD","US"
"1247","HUSI.PRF","US"
"1248","HUSI.PRG","US"
"1249","HUSI.PRH","US"
"1250","HUSI.PRZ","United Kingdom"
"1251","HNP","China"
"1252","HUB.A","US"
"1253","HUB.B","US"
"1254","HBM","Canada"
"1255","HPP","US"
"1256","HPP.PRB","US"
"1257","HVB","US"
"1258","HGT","US"
"1259","HUM","US"
"1260","HII","US"
"1261","HUN","US"
"1262","H","US"
"1263","HDY","US"
"1264","HY","US"
"1265","IAG","Canada"
"1266","IBN","India"
"1267","IDA","US"
"1268","IEX","US"
"1269","IDT","US"
"1270","CTC","China"
"1271","IHS","US"
"1272","ITW","US"
"1273","IMN","US"
"1274","IMAX","Canada"
"1275","IFT","US"
"1276","IMPV","US"
"1277","IHC","US"
"1278","IFN","US"
"1279","IBA","Mexico"
"1280","BLOX","US"
"1281","INFY","US"
"1282","ING","Netherlands"
"1283","IDG","Netherlands"
"1284","IND","Netherlands"
"1285","INZ","Netherlands"
"1286","ISF","Netherlands"
"1287","ISG","Netherlands"
"1288","ISP","Netherlands"
"1289","IR","US"
"1290","IM","US"
"1291","INGR","US"
"1292","IRC","US"
"1293","IRC.PRA","US"
"1294","IPHI","US"
"1295","NSP","US"
"1296","IBP","US"
"1297","IEH","US"
"1298","TEG","US"
"1299","I","US"
"1300","I.PRA","US"
"1301","ICE","US"
"1302","IHG","United Kingdom"
"1303","IBM","US"
"1304","IFF","US"
"1305","IGT","US"
"1306","IP","US"
"1307","IRF","US"
"1308","ISH","US"
"1309","ISH.PRA","US"
"1310","ISH.PRB","US"
"1311","IOC","Papua New Guinea"
"1312","IPG","US"
"1313","IPL.PRD","US"
"1314","INXN","US"
"1315","IL","US"
"1316","SNOW","US"
"1317","IPI","US"
"1318","XON","US"
"1319","IVC","US"
"1320","INVN","US"
"1321","IVZ","Bermuda"
"1322","VBF","US"
"1323","VCV","US"
"1324","VTA","US"
"1325","VLT","US"
"1326","IVR","US"
"1327","IVR.PRA","US"
"1328","OIA","US"
"1329","VMO","US"
"1330","VKQ","US"
"1331","VPV","US"
"1332","IQI","US"
"1333","VVR","US"
"1334","VGM","US"
"1335","VTN","US"
"1336","IIM","US"
"1337","ITG","US"
"1338","IRET","US"
"1339","IRET.PR","US"
"1340","IRET.PRB","US"
"1341","NVTA","US"
"1342","IO","US"
"1343","IRM","US"
"1344","IRS","Argentina"
"1345","ISS","US"
"1346","STAR","US"
"1347","STAR.PRD","US"
"1348","STAR.PRE","US"
"1349","STAR.PRF","US"
"1350","STAR.PRG","US"
"1351","STAR.PRI","US"
"1352","ITUB","Brazil"
"1353","ITC","US"
"1354","ITT","US"
"1355","ESI","US"
"1356","SJM","US"
"1357","JBL","US"
"1358","JEC","US"
"1359","JHX","Australia"
"1360","JNS","US"
"1361","JOF","US"
"1362","JAH","US"
"1363","JMI","US"
"1364","JCP","US"
"1365","JGW","US"
"1366","JKS","Cayman Islands"
"1367","JMP","US"
"1368","JMPB","US"
"1369","JMPC","US"
"1370","JBT","US"
"1371","BTO","US"
"1372","HEQ","US"
"1373","JHS","US"
"1374","JHI","US"
"1375","HPF","US"
"1376","HPI","US"
"1377","HPS","US"
"1378","PDT","US"
"1379","HTD","US"
"1380","HTY","US"
"1381","JW.A","US"
"1382","JNJ","US"
"1383","JCI","US"
"1384","JONE","US"
"1385","JLL","US"
"1386","JRN","US"
"1387","JPM","US"
"1388","JPM.PRA","US"
"1389","JPM.PRB","US"
"1390","JPM.PRD","US"
"1391","JPM.PRE","US"
"1392","JPM.WS","US"
"1393","JPM.PRC","US"
"1394","JFC","US"
"1395","JMEI","China"
"1396","JNPR","US"
"1397","JE","US"
"1398","KAI","US"
"1399","KAMN","US"
"1400","KSU","US"
"1401","KSU.PR","US"
"1402","KS","US"
"1403","KAR","US"
"1404","KATE","US"
"1405","KED","US"
"1406","KYE","US"
"1407","KMF","US"
"1408","KYN","US"
"1409","KYN.PRE","US"
"1410","KYN.PRF","US"
"1411","KYN.PRG","US"
"1412","KB","South Korea"
"1413","KBH","US"
"1414","KBR","US"
"1415","KAP","US"
"1416","KCG","US"
"1417","K","US"
"1418","KEM","US"
"1419","KMPA","US"
"1420","KMPR","US"
"1421","KMT","US"
"1422","KW","US"
"1423","KWN","US"
"1424","KEG","US"
"1425","KEY","US"
"1426","KEY.PRG","US"
"1427","KRC","US"
"1428","KRC.PRG","US"
"1429","KRC.PRH","US"
"1430","KMB","US"
"1431","KIM","US"
"1432","KIM.PRH","US"
"1433","KIM.PRI","US"
"1434","KIM.PRJ","US"
"1435","KIM.PRK","US"
"1436","KMI","US"
"1437","KMI.WS","US"
"1438","KMP","US"
"1439","KMR","US"
"1440","KND","US"
"1441","KING","Ireland"
"1442","KFS","Canada"
"1443","KGC","Canada"
"1444","KEX","US"
"1445","KRG","US"
"1446","KRG.PRA","US"
"1447","KKR","US"
"1448","KFH","US"
"1449","KFI","US"
"1450","KFN.PR","US"
"1451","KIO","US"
"1452","KMG","US"
"1453","KNX","US"
"1454","KNL","US"
"1455","KNOP","US"
"1456","KN","US"
"1457","KSS","US"
"1458","KNM","Japan"
"1459","PHG","Netherlands"
"1460","KOP","US"
"1461","KEP","South Korea"
"1462","KEF","US"
"1463","KF","US"
"1464","KFY","US"
"1465","KOS","US"
"1466","KRA","US"
"1467","KKD","US"
"1468","KR","US"
"1469","KRO","US"
"1470","KT","South Korea"
"1471","KYO","Japan"
"1472","LLL","US"
"1473","LB","US"
"1474","LQ","US"
"1475","LZB","US"
"1476","LH","US"
"1477","LG","US"
"1478","LADR","US"
"1479","LDR","US"
"1480","LCI","US"
"1481","LPI","US"
"1482","LVS","US"
"1483","LHO","US"
"1484","LHO.PRH","US"
"1485","LHO.PRI","US"
"1486","LFL","Chile"
"1487","LAZ","US"
"1488","LF","US"
"1489","LEA","US"
"1490","LEE","US"
"1491","LEG","US"
"1492","LGP","US"
"1493","LDOS","US"
"1494","LEJU","China"
"1495","LEN & LEN.B","US"
"1496","LII","US"
"1497","LAS","China"
"1498","LUK","US"
"1499","LVLT","US"
"1500","LXP","US"
"1501","LXK","US"
"1502","LPL","South Korea"
"1503","LTM","US"
"1504","LOCK","US"
"1505","LIN","US"
"1506","LNC","US"
"1507","LNN","US"
"1508","LGF","Canada"
"1509","LAD","US"
"1510","LYV","US"
"1511","LYG","United Kingdom"
"1512","LMT","US"
"1513","L","US"
"1514","LO","US"
"1515","LPX","US"
"1516","LOW","US"
"1517","LRE","US"
"1518","LXU","US"
"1519","LTC","US"
"1520","LUB","US"
"1521","LL","US"
"1522","LXFR","United Kingdom"
"1523","LUX","Italy"
"1524","LDL","US"
"1525","LYB","US"
"1526","MTB","US"
"1527","MTB.PR","US"
"1528","MTB.PRC","US"
"1529","MTB.WS","US"
"1530","MHO","US"
"1531","MHO.PRA","US"
"1532","MAC","US"
"1533","CLI","US"
"1534","MGU","US"
"1535","MIC","US"
"1536","MFD","US"
"1537","M","US"
"1538","MCN","US"
"1539","MSP","US"
"1540","MMP","US"
"1541","MGA","Canada"
"1542","MX","US"
"1543","MHR","US"
"1544","MH.PRA","Bermuda"
"1545","MHNA","Bermuda"
"1546","MHNB","US"
"1547","MHNC","US"
"1548","MAIN","US"
"1549","MSCA","US"
"1550","MMD","US"
"1551","MNK","US"
"1552","MZF","US"
"1553","HYF","US"
"1554","MANU","United Kingdom"
"1555","MTW","US"
"1556","MN","US"
"1557","MAN","US"
"1558","MFC","Canada"
"1559","MRO","US"
"1560","MPC","US"
"1561","MCS","US"
"1562","MMI","US"
"1563","MRIN","US"
"1564","MHG","US"
"1565","MPX","US"
"1566","HZO","US"
"1567","MKL","US"
"1568","MWE","US"
"1569","VAC","US"
"1570","MMC","US"
"1571","MSO","US"
"1572","MLM","US"
"1573","MAS","US"
"1574","DOOR","US"
"1575","MTZ","US"
"1576","MA","US"
"1577","MTDR","US"
"1578","MTRN","US"
"1579","MATX","US"
"1580","MLP","US"
"1581","MVNR","US"
"1582","MXT","Mexico"
"1583","MMS","US"
"1584","MXL","US"
"1585","MBI","US"
"1586","MNI","US"
"1587","MKC","US"
"1588","MKC.V","US"
"1589","MDR","US"
"1590","MCD","US"
"1591","MUX","US"
"1592","MHFI","US"
"1593","MCK","US"
"1594","MDC","US"
"1595","MDU","US"
"1596","MJN","US"
"1597","MIG","US"
"1598","MWV","US"
"1599","MTL","Russia"
"1600","MTL.PR","Russia"
"1601","MEG","US"
"1602","MPW","US"
"1603","MED","US"
"1604","MCC","US"
"1605","MCQ","US"
"1606","MCV","US"
"1607","MD","US"
"1608","MDT","US"
"1609","MW","US"
"1610","MRK","US"
"1611","MCY","US"
"1612","MDP","US"
"1613","MTH","US"
"1614","MTOR","US"
"1615","MER.PRK","US"
"1616","MER.PRM","US"
"1617","MER.PRP","US"
"1618","PIY","US"
"1619","PJL","US"
"1620","PJS","US"
"1621","PYB","US"
"1622","PYS","US"
"1623","PYT","US"
"1624","PZB","US"
"1625","MER.PRD","US"
"1626","MER.PRE","US"
"1627","MER.PRF","US"
"1628","MTR","US"
"1629","MSB","US"
"1630","MEI","US"
"1631","MET","US"
"1632","MET.PRA","US"
"1633","MET.PRB","US"
"1634","MLU","US"
"1635","MTD","Switzerland"
"1636","MXE","US"
"1637","MXF","Mexico"
"1638","MFA","US"
"1639","MFA.PRB","US"
"1640","MFO","US"
"1641","MIL","Canada"
"1642","MCR","US"
"1643","MGF","US"
"1644","CXE","US"
"1645","CMU","US"
"1646","CMK","US"
"1647","CIF","US"
"1648","MIN","US"
"1649","CXH","US"
"1650","MMT","US"
"1651","MFM","US"
"1652","MFV","US"
"1653","MTG","US"
"1654","MGM","US"
"1655","KORS","US"
"1656","MAA","US"
"1657","MEP","US"
"1658","MPO","US"
"1659","MM","US"
"1660","MILL","US"
"1661","MILL.PRC","US"
"1662","MILL.PRD","US"
"1663","MLR","US"
"1664","MR","China"
"1665","MTX","US"
"1666","MP.PRD","US"
"1667","MG","US"
"1668","MIXT","South Africa"
"1669","MFG","Japan"
"1670","MBT","Russia"
"1671","MODN","US"
"1672","MOD","US"
"1673","MC","US"
"1674","MHK","US"
"1675","MOH","US"
"1676","TAP","US"
"1677","TAP.A","US"
"1678","MCP","US"
"1679","MNR","US"
"1680","MNR.PRA","US"
"1681","MNR.PRB","US"
"1682","MON","US"
"1683","MWW","US"
"1684","MTS","US"
"1685","MRH","Bermuda"
"1686","MRH.PRA","Bermuda"
"1687","MCO","US"
"1688","MOG.A","US"
"1689","MOG.B","US"
"1690","MS","US"
"1691","ICB","US"
"1692","MS.PRA","US"
"1693","MS.PRE","US"
"1694","MS.PRF","US"
"1695","MS.PRG","US"
"1696","APF","US"
"1697","MWR","US"
"1698","MWG","US"
"1699","MSK","US"
"1700","MSZ","US"
"1701","MSJ","US"
"1702","MWO","US"
"1703","CAF","US"
"1704","RNE","US"
"1705","MSD","US"
"1706","EDD","US"
"1707","MSF","US"
"1708","IIF","US"
"1709","MOS","US"
"1710","MSI","US"
"1711","MOV","US"
"1712","MPLX","US"
"1713","MRC","US"
"1714","HJV","US"
"1715","MSA","US"
"1716","MSM","US"
"1717","MSCI","US"
"1718","MLI","US"
"1719","MWA","US"
"1720","MUR","US"
"1721","MUSA","US"
"1722","MVO","US"
"1723","MVC","US"
"1724","MVCB","US"
"1725","MYE","US"
"1726","NBR","United States"
"1727","NC","United States"
"1728","NTP","Hong Kong"
"1729","NBHC","United States"
"1730","NBG","Greece"
"1731","NFG","United States"
"1732","NGG","United Kingdom"
"1733","NHI","United States"
"1734","NOV","United States"
"1735","NPK","United States"
"1736","NNN","United States"
"1737","NSM","United States"
"1738","NGS","United States"
"1739","NGVC","United States"
"1740","NRP","United States"
"1741","NTZ","Italy"
"1742","NLS","United States"
"1743","NCI","United States"
"1744","NVGS","United States"
"1745","NNA","Greece"
"1746","NM","Greece"
"1747","NAV","United States"
"1748","NCS","United States"
"1749","NCR","United States"
"1750","NP","United States"
"1751","NNI","United States"
"1752","NPTN","United States"
"1753","N","United States"
"1754","NSR","United States"
"1755","NWHM","United States"
"1756","NJR","United States"
"1757","NEWM","United States"
"1758","NMFC","United States"
"1759","EDU","China"
"1760","NRZ","United States"
"1761","NSLP","United States"
"1762","NWY","United States"
"1763","NYCB","United States"
"1764","NYT","United States"
"1765","NCT","United States"
"1766","NWL","United States"
"1767","NEU","United States"
"1768","NEM","United States"
"1769","NR","United States"
"1770","NEE","United States"
"1771","NEP","United States"
"1772","NGL","United States"
"1773","NJ","Japan"
"1774","NLSN","Netherlands"
"1775","NKE","United States"
"1776","NMBL","United States"
"1777","NTT","Japan"
"1778","NKA","United States"
"1779","NI","United States"
"1780","NL","United States"
"1781","NOAH","China"
"1782","NOK","Finland"
"1783","NMR","Japan"
"1784","NCFT","United States"
"1785","NORD","United States"
"1786","NAT","Bermuda"
"1787","NDZ","Canada"
"1788","JWN","United States"
"1789","NSC","United States"
"1790","NTL","Argentina"
"1791","NOA","Canada"
"1792","NRT","United States"
"1793","NU","United States"
"1794","NTI","United States"
"1795","NOC","United States"
"1796","NWN","United States"
"1797","NWE","United States"
"1798","NVS","Switzerland"
"1799","NVO","Denmark"
"1800","DNOW","United States"
"1801","NQ","China"
"1802","NRG","United States"
"1803","NYLD","United States"
"1804","DCM","Japan"
"1805","NUS","United States"
"1806","NUE","United States"
"1807","NS","United States"
"1808","NSH","United States"
"1809","NSS","United States"
"1810","NES","United States"
"1811","NVDA","United States"
"1812","NVR","United States"
"1813","OAK","US"
"1814","OXY","US"
"1815","OII","US"
"1816","OZM","US"
"1817","OCIP","US"
"1818","OCIR","US"
"1819","OCN","US"
"1820","ODP","US"
"1821","OFG","US"
"1822","OFG.PRA","Puerto Rico"
"1823","OFG.PRB","Puerto Rico"
"1824","OFG.PRD","Puerto Rico"
"1825","OGE","US"
"1826","OIBR","Brazil"
"1827","OIBR.C","Brazil"
"1828","ODC","US"
"1829","OIS","US"
"1830","OILT","US"
"1831","ORI","US"
"1832","OLN","US"
"1833","OMG","US"
"1834","OHI","US"
"1835","OME","US"
"1836","OCR","US"
"1837","OCR.PRA","US"
"1838","OCR.PRB","US"
"1839","OMC","US"
"1840","OMN","US"
"1841","ASGN","US"
"1842","OGS","US"
"1843","OLP","US"
"1844","OB","US"
"1845","OKE","US"
"1846","OKS","US"
"1847","OPK","US"
"1848","OPY","US"
"1849","ORCL","US"
"1850","ORAN","France"
"1851","ORB","US"
"1852","BEL","US"
"1853","OEC","Luxembourg"
"1854","ORN","US"
"1855","IX","Japan"
"1856","ORA","US"
"1857","OSK","US"
"1858","OMI","US"
"1859","OC","US"
"1860","OI","US"
"1861","OXM","US"
"1862","OXF","US"
"1863","ROYT","US"
"1864","PACD","US"
"1865","PKG","US"
"1866","PLL","US"
"1867","PANW","US"
"1868","PAM","Argentina"
"1869","P","US"
"1870","PHX","US"
"1871","PAR","US"
"1872","PKE","US"
"1873","PKD","US"
"1874","PH","US"
"1875","PE","US"
"1876","PRE","Bermuda"
"1877","PRE.PRD","Bermuda"
"1878","PRE.PRE","Bermuda"
"1879","PRE.PRF","Bermuda"
"1880","PAYC","US"
"1881","PBF","US"
"1882","PBFX","US"
"1883","PCM","US"
"1884","BTU","US"
"1885","PSO","United Kingdom"
"1886","PEB","US"
"1887","PEB.PRA","US"
"1888","PEB.PRB","US"
"1889","PEB.PRC","US"
"1890","PBA","Canada"
"1891","PGH","Canada"
"1892","PVA","US"
"1893","PWE","Canada"
"1894","PNTA","US"
"1895","PEI","US"
"1896","PEI.PRA","US"
"1897","PEI.PRB","US"
"1898","PFSI","US"
"1899","PMT","US"
"1900","PAG","US"
"1901","PNR","Ireland"
"1902","PBY","US"
"1903","POM","US"
"1904","PEP","US"
"1905","PSG","US"
"1906","PKI","US"
"1907","PBT","US"
"1908","PRGO","US"
"1909","PBR","Brazil"
"1910","PBR.A","Brazil"
"1911","PZE","Argentina"
"1912","PTR","China"
"1913","PEO","US"
"1914","PQ","US"
"1915","PFE","US"
"1916","PCG","US"
"1917","PMC","US"
"1918","PHH","US"
"1919","PM","US"
"1920","PHI","Philippines"
"1921","PSX","US"
"1922","PSXP","US"
"1923","PNX","US"
"1924","PFX","US"
"1925","FENG","China"
"1926","DOC","US"
"1927","PNY","US"
"1928","PDM","US"
"1929","PIR","US"
"1930","PIKE","US"
"1931","PCK","US"
"1932","PCQ","US"
"1933","PZC","US"
"1934","PTY","US"
"1935","PCN","US"
"1936","PCI","US"
"1937","PDI","US"
"1938","PGP","US"
"1939","PHK","US"
"1940","PKO","US"
"1941","PFL","US"
"1942","PFN","US"
"1943","PMF","US"
"1944","PML","US"
"1945","PMX","US"
"1946","PNF","US"
"1947","PNI","US"
"1948","PYN","US"
"1949","RCS","US"
"1950","PNK","US"
"1951","PF","US"
"1952","PNW","US"
"1953","PES","US"
"1954","PHD","US"
"1955","PHT","US"
"1956","MAV","US"
"1957","MHI","US"
"1958","PXD","US"
"1959","PIPR","US"
"1960","PBI","US"
"1961","PBI.PRA","US"
"1962","PBI.PRB","US"
"1963","PAA","US"
"1964","PAGP","US"
"1965","PLT","US"
"1966","PAH","US"
"1967","PTP","US"
"1968","PL.PRB","US"
"1969","PCL","US"
"1970","PGEM","US"
"1971","PNC","US"
"1972","PNC.PRP","US"
"1973","PNC.PRQ","US"
"1974","PNC.WS","US"
"1975","PNM","US"
"1976","PII","US"
"1977","POL","US"
"1978","PPO","US"
"1979","POR","US"
"1980","PT","Portugal"
"1981","PKX","South Korea"
"1982","POST","US"
"1983","PPS.PRA","US"
"1984","PPS","US"
"1985","POT","Canada"
"1986","POWR","US"
"1987","PPG","US"
"1988","PPL","US"
"1989","PPX","US"
"1990","PX","US"
"1991","PDS","Canada"
"1992","PGI","US"
"1993","PBH","US"
"1994","PVG","US"
"1995","PRI","US"
"1996","PPP","US"
"1997","PFG","US"
"1998","PFG.PRB","US"
"1999","PGZ","US"
"2000","PVTD","US"
"2001","PRA","US"
"2002","PG","US"
"2003","PGR","US"
"2004","BIN","US"
"2005","PLD","US"
"2006","PRIS","Spain"
"2007","PRO","US"
"2008","PRY","US"
"2009","PB","US"
"2010","PL","US"
"2011","PLP","US"
"2012","PL.PRC","US"
"2013","PL.PRE","US"
"2014","PRLB","US"
"2015","PFS","US"
"2016","PUK","United Kingdom"
"2017","PFK","US"
"2018","PJH","US"
"2019","PRH","US"
"2020","PRU","US"
"2021","GHY","US"
"2022","PUK.PR","United Kingdom"
"2023","PUK.PRA","United Kingdom"
"2024","ISD","US"
"2025","PSB","US"
"2026","PSB.PRR","US"
"2027","PSB.PRS","US"
"2028","PSB.PRT","US"
"2029","PSB.PRU","US"
"2030","PSB.PRV","US"
"2031","TLK","Indonesia"
"2032","PEG","US"
"2033","PSA","US"
"2034","PSA.PRO","US"
"2035","PSA.PRP","US"
"2036","PSA.PRQ","US"
"2037","PSA.PRR","US"
"2038","PSA.PRS","US"
"2039","PSA.PRT","US"
"2040","PSA.PRU","US"
"2041","PSA.PRV","US"
"2042","PSA.PRW","US"
"2043","PSA.PRX","US"
"2044","PSA.PRY","US"
"2045","PSA.PRZ","US"
"2046","PULS","US"
"2047","PHM","US"
"2048","PBYI","US"
"2049","PCF","US"
"2050","PMM","US"
"2051","PIM","US"
"2052","PMO","US"
"2053","PPT","US"
"2054","PVH","US"
"2055","PZN","US"
"2056","QTWO","US"
"2057","QEPM","US"
"2058","QEP","US"
"2059","QIHU","China"
"2060","QRE","US"
"2061","QTS","US"
"2062","QUAD","US"
"2063","KWR","US"
"2064","NX","US"
"2065","PWR","US"
"2066","QTM","US"
"2067","DGX","US"
"2068","STR","US"
"2069","ZQK","US"
"2070","Q","US"
"2071","CTU","US"
"2072","CTW","US"
"2073","CTX","US"
"2074","CTY","US"
"2075","RDN","US"
"2076","RALY","US"
"2077","RL","US"
"2078","RPT","US"
"2079","RRC","US"
"2080","RJF","US"
"2081","RJD","US"
"2082","RYN","US"
"2083","RYAM","US"
"2084","RCAP","US"
"2085","RMAX","US"
"2086","RLD","US"
"2087","RLGY","US"
"2088","O","US"
"2089","RLH","US"
"2090","RDW","US"
"2091","RWT","US"
"2092","RBC","US"
"2093","RGC","US"
"2094","REG","US"
"2095","RM","US"
"2096","RF","US"
"2097","RGS","US"
"2098","RGA","US"
"2099","RS","US"
"2100","RNR","Bermuda"
"2101","SOL","China"
"2102","RENN","China"
"2103","RNF","US"
"2104","RSG","US"
"2105","RMD","US"
"2106","REN","US"
"2107","RFP","US"
"2108","RH","US"
"2109","QSR","US"
"2110","RPAI","US"
"2111","REV","US"
"2112","REX","US"
"2113","REXR","US"
"2114","RXN","US"
"2115","RAI","US"
"2116","RNO","Canada"
"2117","RNG","US"
"2118","RIOM","US"
"2119","RIO","United Kingdom"
"2120","RBA","Canada"
"2121","RAD","US"
"2122","RLI","US"
"2123","RLJ","US"
"2124","RRTS","US"
"2125","RHI","US"
"2126","RBLX","US"
"2127","RKT","US"
"2128","ROK","US"
"2129","COL","US"
"2130","ROC","US"
"2131","ROG","US"
"2132","RCI","Canada"
"2133","ROL","US"
"2134","ROP","US"
"2135","RRMS","US"
"2136","RST","US"
"2137","RNDY","US"
"2138","RY","Canada"
"2139","RBS","United Kingdom"
"2140","RCL","US"
"2141","RDS.A","Netherlands"
"2142","RES","US"
"2143","RPM","US"
"2144","RSPP","US"
"2145","RTI","US"
"2146","RUBI","US"
"2147","RKUS","US"
"2148","RTEC","US"
"2149","R","US"
"2150","RHP","US"
"2151","SBR","US"
"2152","SB","Greece"
"2153","SB.PRB","US"
"2154","SB.PRC","Marshall Islands"
"2155","SB.PRD","US"
"2156","SFE","US"
"2157","SWY","US"
"2158","CRM","US"
"2159","SMM","US"
"2160","SMF","US"
"2161","SBH","US"
"2162","SJT","US"
"2163","SN","US"
"2164","SD","US"
"2165","SDT","US"
"2166","SDR","US"
"2167","PER","US"
"2168","SNY","France"
"2169","SC","US"
"2170","SAN.PRA","Spain"
"2171","SAN.PRB","Spain"
"2172","SAN.PRC","Spain"
"2173","SAN.PRE","Spain"
"2174","SAN.PRF","Spain"
"2175","SAN.PRI","Spain"
"2176","SOV.PRC","Mexico"
"2177","SAP","Germany"
"2178","SAQ","US"
"2179","SAR","US"
"2180","SSL","South Africa"
"2181","BFS","US"
"2182","BFS.PRA","US"
"2183","BFS.PRC","US"
"2184","SCG","US"
"2185","SCU","US"
"2186","SCE.PRF","US"
"2187","SCE.PRG","US"
"2188","SCE.PRH","US"
"2189","SLB","US"
"2190","SWM","US"
"2191","SAIC","US"
"2192","SALT","US"
"2193","SBNA","US"
"2194","STNG","Monaco"
"2195","SMG","US"
"2196","SNI","US"
"2197","SA","Canada"
"2198","CKH","US"
"2199","SDRL","Norway"
"2200","SDLP","US"
"2201","SEE","US"
"2202","SSW","Marshall Islands"
"2203","SSWN","China"
"2204","SSW.PRC","Marshall Islands"
"2205","SSW.PRD","Marshall Islands"
"2206","SSW.PRE","Marshall Islands"
"2207","SEAS","US"
"2208","JBN","US"
"2209","JBR","US"
"2210","SIR","US"
"2211","SEM","US"
"2212","SGZA","US"
"2213","SMI","China"
"2214","SRE","US"
"2215","SNH","US"
"2216","SNHN","US"
"2217","ST","Netherlands"
"2218","SXT","US"
"2219","SQNS","France"
"2220","SCI","US"
"2221","NOW","US"
"2222","SSLT","US"
"2223","SJR","Canada"
"2224","SHW","US"
"2225","SHG","South Korea"
"2226","SFL","Bermuda"
"2227","SSTK","US"
"2228","SBGL","South Africa"
"2229","SIG","Bermuda"
"2230","SBY","US"
"2231","SSNI","US"
"2232","SLW","Canada"
"2233","SVM","China"
"2234","SPG","US"
"2235","SPG.PRJ","US"
"2236","SSD","US"
"2237","SHI","China"
"2238","SITC","US"
"2239","SIX","US"
"2240","SJW","US"
"2241","SKM","South Korea"
"2242","SKX","US"
"2243","SKH","US"
"2244","SLG","US"
"2245","SLG.PRI","US"
"2246","SM","US"
"2247","SNN","United Kingdom"
"2248","SNA","US"
"2249","SQM","Chile"
"2250","SLRA","US"
"2251","SWI","US"
"2252","SLH","US"
"2253","SAH","US"
"2254","SON","US"
"2255","SNE","Japan"
"2256","BID","US"
"2257","SFUN","China"
"2258","SOR","US"
"2259","SJI","US"
"2260","SXE","US"
"2261","SO","US"
"2262","SCCO","US"
"2263","LUV","US"
"2264","SWX","US"
"2265","SWN","US"
"2266","SSS","US"
"2267","CODE","US"
"2268","SPA","US"
"2269","SPE","US"
"2270","SE","US"
"2271","SEP","US"
"2272","SPB","US"
"2273","TRK","US"
"2274","SPR","US"
"2275","SRC","US"
"2276","SRLP","US"
"2277","LEAF","US"
"2278","S","US"
"2279","SPW","US"
"2280","JOE","US"
"2281","STJ","US"
"2282","STAG","US"
"2283","STAG.PRA","US"
"2284","STAG.PRB","US"
"2285","SSI","US"
"2286","SFG","US"
"2287","SMP","US"
"2288","SXI","US"
"2289","SWK","US"
"2290","SWH","US"
"2291","SWJ","US"
"2292","SWU","US"
"2293","STN","Canada"
"2294","SGU","US"
"2295","SCX","US"
"2296","SRT","US"
"2297","STWD","US"
"2298","STT","US"
"2299","STT.PRC","US"
"2300","STT.PRD","US"
"2301","STO","Norway"
"2302","SPLP","US"
"2303","SCS","US"
"2304","SCM","US"
"2305","SCQ","US"
"2306","SCL","US"
"2307","STE","US"
"2308","STL","US"
"2309","STC","US"
"2310","SF","US"
"2311","SFB","US"
"2312","SFN","US"
"2313","SWC","US"
"2314","STM","Switzerland"
"2315","SGY","US"
"2316","EDF","US"
"2317","EDI","US"
"2318","SGM","US"
"2319","STON","US"
"2320","SRI","US"
"2321","STRI","US"
"2322","SGL","US"
"2323","BEE","US"
"2324","BEE.PRB","US"
"2325","LRN","US"
"2326","HYL","US"
"2327","KCC","US"
"2328","KTH","US"
"2329","KTN","US"
"2330","KTP","US"
"2331","SYK","US"
"2332","RGR","US"
"2333","SPH","US"
"2334","SMFG","Japan"
"2335","INN","US"
"2336","INN.PRA","US"
"2337","INN.PRB","US"
"2338","INN.PRC","US"
"2339","SMLP","US"
"2340","SUI","US"
"2341","SUI.PRA","US"
"2342","SLF","Canada"
"2343","SXC","US"
"2344","SXCP","US"
"2345","SU","Canada"
"2346","SUNE","US"
"2347","SXL","US"
"2348","SHO","US"
"2349","SHO.PRD","US"
"2350","STI","US"
"2351","STI.PRA","US"
"2352","STI.PRE","US"
"2353","STI.WS.A","US"
"2354","STI.WS.B","US"
"2355","SPN","US"
"2356","SUP","US"
"2357","SVU","US"
"2358","SUSS","US"
"2359","SUSP","US"
"2360","SFY","US"
"2361","SWFT","US"
"2362","SWZ","US"
"2363","SWS","US"
"2364","SYA","US"
"2365","SMA","US"
"2366","SYT","Switzerland"
"2367","SNX","US"
"2368","SNV","US"
"2369","SNV.PRC","US"
"2370","GJH","US"
"2371","GJO","US"
"2372","GJP","US"
"2373","GJR","US"
"2374","GJS","US"
"2375","GJT","US"
"2376","GJV","US"
"2377","SYY","US"
"2378","SYX","US"
"2379","TMUS","US"
"2380","DATA","US"
"2381","TAHO","US"
"2382","TWN","US"
"2383","TSM","Taiwan"
"2384","XRS","China"
"2385","TAL","US"
"2386","TLM","Canada"
"2387","TEP","US"
"2388","TAM","US"
"2389","SKT","US"
"2390","TAOM","China"
"2391","TRGP","US"
"2392","NGLS","US"
"2393","TGT","US"
"2394","TARO","US"
"2395","TTM","India"
"2396","TCO","US"
"2397","TCO.PRJ","US"
"2398","TCO.PRK","US"
"2399","TMHC","US"
"2400","TCP","US"
"2401","TCB","US"
"2402","TCB.PRB","US"
"2403","TCB.PRC","US"
"2404","TCB.WS","US"
"2405","TSI","US"
"2406","TEL","US"
"2407","TISI","US"
"2408","TMH","US"
"2409","TCK","Canada"
"2410","TE","US"
"2411","TK","Marshall Islands"
"2412","TGP","Marshall Islands"
"2413","TOO","Marshall Islands"
"2414","TOO.PRA","US"
"2415","TNK","Bahamas"
"2416","TRC","US"
"2417","TEO","Argentina"
"2418","TI","Italy"
"2419","TI.A","Italy"
"2420","TDY","US"
"2421","TFX","US"
"2422","TEF","Spain"
"2423","VIV","Brazil"
"2424","TDS","US"
"2425","TDA","US"
"2426","TDE","US"
"2427","TDI","US"
"2428","TDJ","US"
"2429","TKG","South Africa"
"2430","TU","Canada"
"2431","TDF","US"
"2432","EMF","US"
"2433","TEI","US"
"2434","GIM","US"
"2435","TRF","US"
"2436","TPX","US"
"2437","TS","Luxembourg"
"2438","THC","US"
"2439","TNC","US"
"2440","TEN","US"
"2441","TVC","US"
"2442","TVE","US"
"2443","TDC","US"
"2444","TER","US"
"2445","TEX","US"
"2446","TX","Luxembourg"
"2447","TNH","US"
"2448","TRNO","US"
"2449","TRNO.PRA","US"
"2450","TSO","US"
"2451","TLLP","US"
"2452","TTI","US"
"2453","TEVA","US"
"2454","TPL","US"
"2455","TGH","Bermuda"
"2456","TXT","US"
"2457","TXTR","US"
"2458","TTF","US"
"2459","THR","US"
"2460","TMO","US"
"2461","TPRE","US"
"2462","TSLF","US"
"2463","TC","Canada"
"2464","TRI","Canada"
"2465","THO","US"
"2466","TDW","US"
"2467","TIF","US"
"2468","TLYS","US"
"2469","THI","Canada"
"2470","TSU","Brazil"
"2471","TIME","US"
"2472","TWX","US"
"2473","TWC","US"
"2474","TKR","US"
"2475","TMST","US"
"2476","TWI","US"
"2477","TJX","US"
"2478","TOL","US"
"2479","TR","US"
"2480","TMK","US"
"2481","TMK.PRB","US"
"2482","TTC","US"
"2483","TD","Canada"
"2484","NDP","US"
"2485","TYG","US"
"2486","TYG.PRB","US"
"2487","TYG.PRC","US"
"2488","NTG","US"
"2489","TTP","US"
"2490","TPZ","US"
"2491","TOT","France"
"2492","TOWR","US"
"2493","TW","US"
"2494","TM","Japan"
"2495","TSLX","US"
"2496","TAC","Canada"
"2497","TAI","US"
"2498","TRP","Canada"
"2499","TCI","US"
"2500","TDG","US"
"2501","TLP","US"
"2502","RIG","US"
"2503","TGS","Argentina"
"2504","TA","US"
"2505","TANN","US"
"2506","TRV","US"
"2507","TRR","US"
"2508","TREC","US"
"2509","TG","US"
"2510","THS","US"
"2511","TRMR","US"
"2512","TREX","US"
"2513","TY","US"
"2514","TY.PR","US"
"2515","TPH","US"
"2516","TCAP","US"
"2517","TCC","US"
"2518","TCCA","US"
"2519","TSL","China"
"2520","TNET","US"
"2521","TRN","US"
"2522","TSE","Luxembourg"
"2523","GTS","Puerto Rico"
"2524","TPVG","US"
"2525","TGI","US"
"2526","TROX","US"
"2527","TBI","US"
"2528","TRLA","US"
"2529","TRW","US"
"2530","TNP","Greece"
"2531","TNP.PRB","Greece"
"2532","TNP.PRC","Greece"
"2533","TUMI","US"
"2534","TUP","US"
"2535","TKC","US"
"2536","TKF","US"
"2537","TRQ","Canada"
"2538","TPC","US"
"2539","TWTR","US"
"2540","TWO","US"
"2541","TYC","Switzerland"
"2542","TYL","US"
"2543","TSN","US"
"2544","UBS","Switzerland"
"2545","UCP","US"
"2546","UDR","US"
"2547","UGI","US"
"2548","UIL","US"
"2549","UPL","US"
"2550","UGP","Brazil"
"2551","UMH","US"
"2552","UA","US"
"2553","UFI","US"
"2554","UNF","US"
"2555","UN","Netherlands"
"2556","UL","United Kingdom"
"2557","UNP","US"
"2558","UIS","US"
"2559","UNT","US"
"2560","UAL","US"
"2561","UMC","Taiwan"
"2562","UPS","US"
"2563","URI","US"
"2564","USM","US"
"2565","X","US"
"2566","UNH","US"
"2567","UTL","US"
"2568","UVV","US"
"2569","UAM","US"
"2570","UHT","US"
"2571","UHS","US"
"2572","UTI","US"
"2573","UNS","US"
"2574","UNM","US"
"2575","URS","US"
"2576","UBA","US"
"2577","USB","US"
"2578","USPH","US"
"2579","SLCA","US"
"2580","USAC","US"
"2581","USNA","US"
"2582","USU","US"
"2583","EGY","US"
"2584","MTN","US"
"2585","VALE","Brazil"
"2586","VALEPR","Brazil"
"2587","VLO","US"
"2588","VLP","US"
"2589","VHI","US"
"2590","VR","Bermuda"
"2591","VLY","US"
"2592","VMI","US"
"2593","VAL","US"
"2594","VTG","US"
"2595","VNTV","US"
"2596","VGR","US"
"2597","VVC","US"
"2598","VEC","US"
"2599","VEEV","US"
"2600","VTR","US"
"2601","VRTV","US"
"2602","VZ","US"
"2603","VET","US"
"2604","VSR","US"
"2605","VRS","US"
"2606","VFC","US"
"2607","VVI","US"
"2608","VII","US"
"2609","VNCE","US"
"2610","VMEM","US"
"2611","VIPS","US"
"2612","VHC","US"
"2613","V","US"
"2614","VSH","US"
"2615","VPG","US"
"2616","VGZ","US"
"2617","VSTO","US"
"2618","VC","US"
"2619","VSI","US"
"2620","VSLR","US"
"2621","VOC","US"
"2622","VCRA","US"
"2623","VNRX","Singapore"
"2624","VISI","US"
"2625","VG","US"
"2626","VNO","US"
"2627","VJET","US"
"2628","VOYA","US"
"2629","VTTI","US"
"2630","VMC","US"
"2631","WTI","US"
"2632","WNC","US"
"2633","WBC","US"
"2634","WAB","US"
"2635","WDR","US"
"2636","WAGE","US"
"2637","WMT","US"
"2638","WAG","US"
"2639","WD","US"
"2640","DIS","US"
"2641","WLT","US"
"2642","WAC","US"
"2643","WPG","US"
"2644","WRE","US"
"2645","WCN","US"
"2646","WM","US"
"2647","WAT","US"
"2648","WSO","US"
"2649","WTS","US"
"2650","WPP","US"
"2651","W","US"
"2652","WFT","Ireland"
"2653","WBS","US"
"2654","WTW","US"
"2655","WMK","US"
"2656","WCG","US"
"2657","WFC","US"
"2658","WAIR","US"
"2659","WCC","US"
"2660","WST","US"
"2661","WR","US"
"2662","WAL","US"
"2663","WGP","US"
"2664","WES","US"
"2665","WNR","US"
"2666","WNRL","US"
"2667","WU","US"
"2668","WLK","US"
"2669","WBK","Australia"
"2670","WHG","US"
"2671","WEX","US"
"2672","WY","US"
"2673","WGL","US"
"2674","WHR","US"
"2675","WTM","US"
"2676","WSR","US"
"2677","WLL","US"
"2678","WHX","US"
"2679","WHZ","US"
"2680","JW.B","US"
"2681","WG","US"
"2682","WLH","US"
"2683","WMB","US"
"2684","WPZ","US"
"2685","WSM","US"
"2686","WGO","US"
"2687","WRT","US"
"2688","FUR","US"
"2689","WIT","India"
"2690","WEC","US"
"2691","WNS","India"
"2692","WWW","US"
"2693","WF","South Korea"
"2694","WDAY","US"
"2695","INT","US"
"2696","WPT","US"
"2697","WWE","US"
"2698","WOR","US"
"2699","WPC","US"
"2700","WPX","US"
"2701","WRB","US"
"2702","GRA","US"
"2703","WH","China"
"2704","WX","China"
"2705","GWW","US"
"2706","WYN","US"
"2707","X","United States"
"2708","XHR","United States"
"2709","XRX","United States"
"2710","XIN","China"
"2711","XL","United States"
"2712","XPO","United States"
"2713","XYL","United States"
"2714","YALA","United Arab Emirates"
"2715","AUY","Canada"
"2716","YSG","China"
"2717","YELP","United States"
"2718","YETI","United States"
"2719","YEXT","United States"
"2720","YOKU","China"
"2721","YPF","Argentina"
"2722","YAC","United States"
"2723","YUM","United States"
"2724","YUMC","China"
"2725","ZEN","United States"
"2726","ZH","China"
"2727","ZIM","Israel"
"2728","ZBH","United States"
"2729","ZION","United States"
"2730","ZUO","United States"
"2731","ZTS","United States"
"2732","ZYME","Canada"
